"","Sum Sq","Mean Sq","NumDF","DenDF","F value","Pr(>F)"
"Group",0.100608129402489,0.100608129402489,1,303.999997169726,26.4645450714943,4.82140432537767e-07
"Source",1.2505722438751,0.156321530484388,8,2432.00000649854,41.1197207792108,5.22395552054637e-62
"Group:Source",0.383493205066298,0.0479366506332872,8,2432.00000641593,12.609534227457,6.95788655188091e-18
