"","Sum Sq","Mean Sq","NumDF","DenDF","F value","Pr(>F)"
"Group",0.0183035303496795,0.0183035303496795,1,303.999996390644,34.3716337826168,1.18546541095848e-08
"Source",0.031082094564769,0.00388526182059612,8,2431.99999431532,7.29601305845631,1.28549904055057e-09
"Group:Source",0.0161652555778864,0.0020206569472358,8,2431.99999410226,3.79452921178704,0.000194405422018971
