"","Sum Sq","Mean Sq","NumDF","DenDF","F value","Pr(>F)"
"Group",0.0548424148726552,0.0548424148726552,1,303.999947573352,53.4445935639449,2.366603462234e-12
"Source",0.109449280201371,0.0136811600251714,8,2432.00002128373,13.3324551576803,5.08466926612303e-19
"Group:Source",0.0265023316123892,0.00331279145154865,8,2432.00002143976,3.22835515360224,0.0011715646542864
