"Task","emmean","SE","df","lower.CL","upper.CL"
"MONO",0.685022625784378,0.032253663481592,304.00000000008,0.621553926753988,0.748491324814768
"PICT",-0.205643840353951,0.0480682681724689,304.000000000193,-0.300232489091223,-0.111055191616678
