"","Sum Sq","Mean Sq","NumDF","DenDF","F value","Pr(>F)"
"Source",0.0707022102794574,0.00883777628493217,8,32.000000006619,5.5062575430109,0.000207096105044956
