"","Sum Sq","Mean Sq","NumDF","DenDF","F value","Pr(>F)"
"Source",0.0506260055943984,0.0063282506992998,8,32.00000602782,6.46692038948404,5.28238569497515e-05
